--DROP--
DROP TABLE PROVEEDORES;
DROP TABLE ITEMS;
DROP TABLE CLIENTES;
DROP TABLE PEDIDOS;

--SE CREAN LAS TABLAS--

CREATE TABLE PROVEEDORES(
nro_p NUMBER(5) PRIMARY KEY,
nom_p VARCHAR2(30),
categoria NUMBER(5),
ciud_p VARCHAR2(30)
);

CREATE TABLE ITEMS(
nro_i NUMBER(5) PRIMARY KEY,
descripcion_i VARCHAR2(50),
ciud_i VARCHAR2(30)
);

CREATE TABLE CLIENTES(
nro_c NUMBER(5) PRIMARY KEY,
nom_c VARCHAR2(30),
ciud_c VARCHAR2(30)
);

CREATE TABLE PEDIDOS(
nro_p NUMBER(5) REFERENCES PROVEEDORES(nro_p),
nro_c NUMBER(5) REFERENCES CLIENTES(nro_c),
nro_i NUMBER(5) REFERENCES ITEMS(nro_i),
cantidad NUMBER(10),
precio NUMBER(15)
);

BEGIN

INSERT INTO PROVEEDORES VALUES (1,'PIMPOLLO',4, 'Bogota');
INSERT INTO PROVEEDORES VALUES (2,'BAVARIA S.A', 1, 'Cali');
INSERT INTO PROVEEDORES VALUES (3,'SURTITODO', 3 ,'Medellin');
INSERT INTO PROVEEDORES VALUES (4,'Coca Cola', 2 ,'Bogota');
INSERT INTO PROVEEDORES VALUES (5,'Postobon', 1 ,'BogotA');
INSERT INTO PROVEEDORES VALUES (6,'Interamericana de Colores', 1,'BOGOTA');
INSERT INTO PROVEEDORES VALUES (7,'Tiendas D1', 3 ,'Medellin');
INSERT INTO PROVEEDORES VALUES (8,'Ara', 3 ,'Barranquilla');
INSERT INTO PROVEEDORES VALUES (9,'Sport Fitness', 4, 'Manizales');
INSERT INTO PROVEEDORES VALUES (10,'LicoHouse', 4 ,'Cali');
INSERT INTO PROVEEDORES VALUES (11,'Verdufrutas', 3, 'null');
INSERT INTO PROVEEDORES VALUES (12,'Surtipepas', 5, 'Manizales');

INSERT INTO ITEMS VALUES (1000, 'CERVEZA NACIONAL', 'Cali');
INSERT INTO ITEMS VALUES (1100, 'Pollo Congelado', 'Bogota');
INSERT INTO ITEMS VALUES (1200, 'Gaseosa Litro y Medio','Medellin');
INSERT INTO ITEMS VALUES (1300, 'Aguardiente Antioqueño 1/4 260 ml','Bogota');
INSERT INTO ITEMS VALUES (1400, 'Café de exportacion' ,'Cali');
INSERT INTO ITEMS VALUES (1500, 'CERVEZA EXTRANGERA', 'Medellín');
INSERT INTO ITEMS VALUES (1600, 'Leche en barra','Bogota');
INSERT INTO ITEMS VALUES (1750, 'Aguardiente Antioqueño botella 750 ml', 'Medellin');
INSERT INTO ITEMS VALUES (1789, 'Aguardiente Antioqueño garrafa 2000 ml', 'null');
INSERT INTO ITEMS VALUES (1230, 'Aguacate Hass' ,'null');
INSERT INTO ITEMS VALUES (1124, 'Ajo importado x 250g','Barranquilla');
INSERT INTO ITEMS VALUES (3457, 'Ajonjoli','Cartagena');
INSERT INTO ITEMS VALUES (2356, 'Galletas de Piña', 'Cartagena');
INSERT INTO ITEMS VALUES (8765, 'Papel higienico' ,'Medellin');
INSERT INTO ITEMS VALUES (4567, 'Mancuernas de 10 libras', 'Cali');
INSERT INTO ITEMS VALUES (1290, 'Barra de ejercicio negra', 'Cali');
INSERT INTO ITEMS VALUES (1001, 'Queso Holandes' ,'Bogota');
INSERT INTO ITEMS VALUES (1008, 'Queso Campesino', 'Manizales');
INSERT INTO ITEMS VALUES (1289, 'Queso de la abuela' ,'Pereira');
INSERT INTO ITEMS VALUES (4090, 'Cerveza Artesanal', 'Bogota');

INSERT INTO CLIENTES VALUES (50, 'CARULLA', 'Cali');
INSERT INTO CLIENTES VALUES (60, 'OLIMPICA', 'B/quilla');
INSERT INTO CLIENTES VALUES (70, 'SUSUPERMERCADO' ,'Cali');
INSERT INTO CLIENTES VALUES (80, 'MERCALDAS' ,'Bogota');
INSERT INTO CLIENTES VALUES (90, 'ALBERTO HERNANDEZ','Barranquilla');

INSERT INTO PEDIDOS VALUES (2, 50, 1000, 30, 4000000);
INSERT INTO PEDIDOS VALUES (3, 60, 1300, 13, 800000);
INSERT INTO PEDIDOS VALUES (4, 50, 1200, 80, 3000000);
INSERT INTO PEDIDOS VALUES (4, 70, 1200, 90, 4000000);
INSERT INTO PEDIDOS VALUES (1, 70, 1100, 50, 6000000);
INSERT INTO PEDIDOS VALUES (1, 60, 1100, 30, 4000000);
INSERT INTO PEDIDOS VALUES (4, 50, 1300, 20, 2000000);
INSERT INTO PEDIDOS VALUES (2, 50, 1400, 55, 5200000);
INSERT INTO PEDIDOS VALUES (10, 80, 1750, 12, 7900000);
INSERT INTO PEDIDOS VALUES (10, 80, 1789, 5, 2890000);
INSERT INTO PEDIDOS VALUES (9, 80, 1290, 4, 4322770);
INSERT INTO PEDIDOS VALUES (10, 70, 4090, 32, 22650000);
INSERT INTO PEDIDOS VALUES (11, 70, 1008, 12, 6000000);
INSERT INTO PEDIDOS VALUES (10, 50, 1300, 90, 25000000);
INSERT INTO PEDIDOS VALUES (8, 60, 1600, 34, 3000000);

ROLLBACK;

COMMIT;
END;